data,nazwa,seed,najlepsza_epoka,eer_walidacja,eer_wykwalifikowane,far_wykwalifikowane,frr_wykwalifikowane,eer_losowe,far_losowe,frr_losowe,konfiguracja
2026-10-06 00:05,stale_pary,1,2,0.1667,0.1875,0.2,0.1729,0.1542,0.1208,0.1729,"{""resample"": false, ""epochs"": 30, ""batch_size"": 32, ""lr"": 0.001, ""weight_decay"": 0.0001, ""margin"": 1.0, ""dropout"": 0.3, ""embedding_dim"": 128}"
2026-10-06 00:12,nowe_pary,1,5,0.1708,0.2135,0.2083,0.2208,0.1667,0.1333,0.2208,"{""resample"": true, ""epochs"": 30, ""batch_size"": 32, ""lr"": 0.001, ""weight_decay"": 0.0001, ""margin"": 1.0, ""dropout"": 0.3, ""embedding_dim"": 128}"
2026-10-06 00:19,stale_pary,2,11,0.2062,0.2448,0.2667,0.2229,0.2042,0.1708,0.2229,"{""resample"": false, ""epochs"": 30, ""batch_size"": 32, ""lr"": 0.001, ""weight_decay"": 0.0001, ""margin"": 1.0, ""dropout"": 0.3, ""embedding_dim"": 128}"
2026-10-06 00:23,nowe_pary,2,4,0.2229,0.2865,0.2917,0.2833,0.1417,0.05,0.2833,"{""resample"": true, ""epochs"": 30, ""batch_size"": 32, ""lr"": 0.001, ""weight_decay"": 0.0001, ""margin"": 1.0, ""dropout"": 0.3, ""embedding_dim"": 128}"
2026-10-06 00:27,stale_pary,3,4,0.1917,0.2792,0.4042,0.1625,0.1375,0.1167,0.1625,"{""resample"": false, ""epochs"": 30, ""batch_size"": 32, ""lr"": 0.001, ""weight_decay"": 0.0001, ""margin"": 1.0, ""dropout"": 0.3, ""embedding_dim"": 128}"
2026-10-06 00:34,nowe_pary,3,10,0.1854,0.2365,0.25,0.2188,0.175,0.1417,0.2188,"{""resample"": true, ""epochs"": 30, ""batch_size"": 32, ""lr"": 0.001, ""weight_decay"": 0.0001, ""margin"": 1.0, ""dropout"": 0.3, ""embedding_dim"": 128}"
2026-10-06 14:40,aug_geom,1,12,0.1417,0.1792,0.2292,0.1479,0.1177,0.075,0.1479,"{""resample"": true, ""epochs"": 30, ""batch_size"": 32, ""lr"": 0.001, ""weight_decay"": 0.0001, ""margin"": 1.0, ""dropout"": 0.3, ""embedding_dim"": 128, ""augment"": true, ""thickness"": false}"
2026-10-06 14:48,aug_geom_grubosc,1,8,0.15,0.2042,0.2833,0.1312,0.1542,0.1917,0.1312,"{""resample"": true, ""epochs"": 30, ""batch_size"": 32, ""lr"": 0.001, ""weight_decay"": 0.0001, ""margin"": 1.0, ""dropout"": 0.3, ""embedding_dim"": 128, ""augment"": true, ""thickness"": true}"
2026-10-06 14:54,aug_geom,2,9,0.1333,0.2042,0.2542,0.1729,0.1125,0.0667,0.1729,"{""resample"": true, ""epochs"": 30, ""batch_size"": 32, ""lr"": 0.001, ""weight_decay"": 0.0001, ""margin"": 1.0, ""dropout"": 0.3, ""embedding_dim"": 128, ""augment"": true, ""thickness"": false}"
2026-10-06 15:02,aug_geom_grubosc,2,11,0.1458,0.2333,0.2917,0.1854,0.1208,0.0875,0.1854,"{""resample"": true, ""epochs"": 30, ""batch_size"": 32, ""lr"": 0.001, ""weight_decay"": 0.0001, ""margin"": 1.0, ""dropout"": 0.3, ""embedding_dim"": 128, ""augment"": true, ""thickness"": true}"
2026-10-06 15:08,aug_geom,3,12,0.1521,0.225,0.3208,0.1146,0.1042,0.1042,0.1146,"{""resample"": true, ""epochs"": 30, ""batch_size"": 32, ""lr"": 0.001, ""weight_decay"": 0.0001, ""margin"": 1.0, ""dropout"": 0.3, ""embedding_dim"": 128, ""augment"": true, ""thickness"": false}"
2026-10-06 15:17,aug_geom_grubosc,3,14,0.1521,0.2531,0.35,0.1438,0.1292,0.1208,0.1438,"{""resample"": true, ""epochs"": 30, ""batch_size"": 32, ""lr"": 0.001, ""weight_decay"": 0.0001, ""margin"": 1.0, ""dropout"": 0.3, ""embedding_dim"": 128, ""augment"": true, ""thickness"": true}"
2026-10-06 18:26,bez_wyrownania_atramentu,1,22,0.1271,0.2052,0.3,0.1292,0.1333,0.1375,0.1292,"{""resample"": true, ""epochs"": 30, ""batch_size"": 32, ""lr"": 0.001, ""weight_decay"": 0.0001, ""margin"": 1.0, ""dropout"": 0.3, ""embedding_dim"": 128, ""augment"": true, ""thickness"": false, ""background"": true, ""ink"": false}"
2026-10-06 18:33,bez_usuwania_tla,1,24,0.0521,0.0083,0.0125,0.0042,0.126,0.5,0.0042,"{""resample"": true, ""epochs"": 30, ""batch_size"": 32, ""lr"": 0.001, ""weight_decay"": 0.0001, ""margin"": 1.0, ""dropout"": 0.3, ""embedding_dim"": 128, ""augment"": true, ""thickness"": false, ""background"": false, ""ink"": false}"
2026-10-06 18:40,bez_wyrownania_atramentu,2,26,0.1333,0.2167,0.375,0.1146,0.1375,0.2,0.1146,"{""resample"": true, ""epochs"": 30, ""batch_size"": 32, ""lr"": 0.001, ""weight_decay"": 0.0001, ""margin"": 1.0, ""dropout"": 0.3, ""embedding_dim"": 128, ""augment"": true, ""thickness"": false, ""background"": true, ""ink"": false}"
2026-10-06 18:46,bez_usuwania_tla,2,26,0.0583,0.025,0.05,0.0125,0.1375,0.3958,0.0125,"{""resample"": true, ""epochs"": 30, ""batch_size"": 32, ""lr"": 0.001, ""weight_decay"": 0.0001, ""margin"": 1.0, ""dropout"": 0.3, ""embedding_dim"": 128, ""augment"": true, ""thickness"": false, ""background"": false, ""ink"": false}"
2026-10-06 18:52,bez_wyrownania_atramentu,3,27,0.1208,0.1781,0.2208,0.15,0.1083,0.0792,0.15,"{""resample"": true, ""epochs"": 30, ""batch_size"": 32, ""lr"": 0.001, ""weight_decay"": 0.0001, ""margin"": 1.0, ""dropout"": 0.3, ""embedding_dim"": 128, ""augment"": true, ""thickness"": false, ""background"": true, ""ink"": false}"
2026-10-06 19:01,bez_usuwania_tla,3,19,0.0646,0.0208,0.025,0.0125,0.1583,0.3833,0.0125,"{""resample"": true, ""epochs"": 30, ""batch_size"": 32, ""lr"": 0.001, ""weight_decay"": 0.0001, ""margin"": 1.0, ""dropout"": 0.3, ""embedding_dim"": 128, ""augment"": true, ""thickness"": false, ""background"": false, ""ink"": false}"
2026-10-09 18:20,bez_wykw_trening,1,10,0.1708,0.249,0.2625,0.2271,0.0833,0.0375,0.2271,"{""resample"": true, ""epochs"": 30, ""batch_size"": 32, ""lr"": 0.001, ""weight_decay"": 0.0001, ""margin"": 1.0, ""dropout"": 0.3, ""embedding_dim"": 128, ""augment"": true, ""thickness"": false, ""background"": true, ""ink"": true, ""skilled_train"": false, ""skilled_val"": true}"
2026-10-09 18:28,bez_wykw_wcale,1,16,0.0625,0.2719,0.6833,0.0458,0.0969,0.15,0.0458,"{""resample"": true, ""epochs"": 30, ""batch_size"": 32, ""lr"": 0.001, ""weight_decay"": 0.0001, ""margin"": 1.0, ""dropout"": 0.3, ""embedding_dim"": 128, ""augment"": true, ""thickness"": false, ""background"": true, ""ink"": true, ""skilled_train"": false, ""skilled_val"": false}"
2026-10-09 18:36,bez_wykw_trening,2,5,0.1583,0.2958,0.35,0.2271,0.1083,0.075,0.2271,"{""resample"": true, ""epochs"": 30, ""batch_size"": 32, ""lr"": 0.001, ""weight_decay"": 0.0001, ""margin"": 1.0, ""dropout"": 0.3, ""embedding_dim"": 128, ""augment"": true, ""thickness"": false, ""background"": true, ""ink"": true, ""skilled_train"": false, ""skilled_val"": true}"
2026-10-09 18:43,bez_wykw_wcale,2,16,0.0708,0.2781,0.5792,0.0438,0.1042,0.1375,0.0438,"{""resample"": true, ""epochs"": 30, ""batch_size"": 32, ""lr"": 0.001, ""weight_decay"": 0.0001, ""margin"": 1.0, ""dropout"": 0.3, ""embedding_dim"": 128, ""augment"": true, ""thickness"": false, ""background"": true, ""ink"": true, ""skilled_train"": false, ""skilled_val"": false}"
2026-10-09 18:51,bez_wykw_trening,3,6,0.1771,0.2458,0.275,0.2125,0.0833,0.0458,0.2125,"{""resample"": true, ""epochs"": 30, ""batch_size"": 32, ""lr"": 0.001, ""weight_decay"": 0.0001, ""margin"": 1.0, ""dropout"": 0.3, ""embedding_dim"": 128, ""augment"": true, ""thickness"": false, ""background"": true, ""ink"": true, ""skilled_train"": false, ""skilled_val"": true}"
2026-10-09 19:00,bez_wykw_wcale,3,23,0.0625,0.2833,0.6708,0.0271,0.1125,0.1792,0.0271,"{""resample"": true, ""epochs"": 30, ""batch_size"": 32, ""lr"": 0.001, ""weight_decay"": 0.0001, ""margin"": 1.0, ""dropout"": 0.3, ""embedding_dim"": 128, ""augment"": true, ""thickness"": false, ""background"": true, ""ink"": true, ""skilled_train"": false, ""skilled_val"": false}"
2026-10-09 23:38,crop_none,1,20,0.1396,0.1667,0.1333,0.2,0.1333,0.0625,0.2,"{""resample"": true, ""epochs"": 30, ""batch_size"": 32, ""lr"": 0.001, ""weight_decay"": 0.0001, ""margin"": 1.0, ""dropout"": 0.3, ""embedding_dim"": 128, ""augment"": true, ""thickness"": false, ""background"": true, ""ink"": true, ""skilled_train"": true, ""skilled_val"": true, ""crop"": ""none""}"
2026-10-09 23:47,crop_center,1,15,0.1979,0.2625,0.425,0.1542,0.2083,0.275,0.1542,"{""resample"": true, ""epochs"": 30, ""batch_size"": 32, ""lr"": 0.001, ""weight_decay"": 0.0001, ""margin"": 1.0, ""dropout"": 0.3, ""embedding_dim"": 128, ""augment"": true, ""thickness"": false, ""background"": true, ""ink"": true, ""skilled_train"": true, ""skilled_val"": true, ""crop"": ""center""}"
2026-10-09 23:56,crop_none,2,10,0.1229,0.1781,0.1708,0.1771,0.1083,0.0792,0.1771,"{""resample"": true, ""epochs"": 30, ""batch_size"": 32, ""lr"": 0.001, ""weight_decay"": 0.0001, ""margin"": 1.0, ""dropout"": 0.3, ""embedding_dim"": 128, ""augment"": true, ""thickness"": false, ""background"": true, ""ink"": true, ""skilled_train"": true, ""skilled_val"": true, ""crop"": ""none""}"
2026-10-10 00:05,crop_center,2,9,0.1833,0.2542,0.3167,0.1979,0.1781,0.1583,0.1979,"{""resample"": true, ""epochs"": 30, ""batch_size"": 32, ""lr"": 0.001, ""weight_decay"": 0.0001, ""margin"": 1.0, ""dropout"": 0.3, ""embedding_dim"": 128, ""augment"": true, ""thickness"": false, ""background"": true, ""ink"": true, ""skilled_train"": true, ""skilled_val"": true, ""crop"": ""center""}"
2026-10-10 00:14,crop_none,3,20,0.1438,0.1698,0.1625,0.175,0.1333,0.1083,0.175,"{""resample"": true, ""epochs"": 30, ""batch_size"": 32, ""lr"": 0.001, ""weight_decay"": 0.0001, ""margin"": 1.0, ""dropout"": 0.3, ""embedding_dim"": 128, ""augment"": true, ""thickness"": false, ""background"": true, ""ink"": true, ""skilled_train"": true, ""skilled_val"": true, ""crop"": ""none""}"
2026-10-10 00:23,crop_center,3,25,0.1812,0.2708,0.4542,0.1042,0.1333,0.1583,0.1042,"{""resample"": true, ""epochs"": 30, ""batch_size"": 32, ""lr"": 0.001, ""weight_decay"": 0.0001, ""margin"": 1.0, ""dropout"": 0.3, ""embedding_dim"": 128, ""augment"": true, ""thickness"": false, ""background"": true, ""ink"": true, ""skilled_train"": true, ""skilled_val"": true, ""crop"": ""center""}"
